{
  "project_info": {
    "project_number": "1072480075390",
    "firebase_url": "https://testlog-fe2c5.firebaseio.com",
    "project_id": "testlog-fe2c5",
    "storage_bucket": "testlog-fe2c5.appspot.com"
  },
  "client": [
    {
      "client_info": {
        "mobilesdk_app_id": "1:1072480075390:android:81a8d9d14f8c1eb8",
        "android_client_info": {
          "package_name": "com.example.testlog"
        }
      },
      "oauth_client": [
        {
          "client_id": "1072480075390-jrsbo5c35veitcrsg98g113tjjkc63nr.apps.googleusercontent.com",
          "client_type": 1,
          "android_info": {
            "package_name": "com.example.testlog",
            "certificate_hash": "ed7ce9b1c854af09d921855b16f32df9b30a827c"
          }
        },
        {
          "client_id": "1072480075390-bj38e62r5pd10bu2sst1uokq59rdli59.apps.googleusercontent.com",
          "client_type": 3
        }
      ],
      "api_key": [
        {
          "current_key": "AIzaSyDeozX6KltRq9TxmcRDCobSh-EmeERyLqQ"
        }
      ],
      "services": {
        "analytics_service": {
          "status": 1
        },
        "appinvite_service": {
          "status": 2,
          "other_platform_oauth_client": [
            {
              "client_id": "1072480075390-bj38e62r5pd10bu2sst1uokq59rdli59.apps.googleusercontent.com",
              "client_type": 3
            }
          ]
        },
        "ads_service": {
          "status": 2
        }
      }
    }
  ],
  "configuration_version": "1"
}